Id,Nombre,RamaId,Descripcion
1,ANTROPOLOGO,1,"Descubre cómo viven y piensan las  personas  en  diferentes  partes  del  mundo. Aprende sobre las costumbres,  tradiciones y formas de vida de otras  culturas y desarrolla una comprensión y  aprecio por la diversidad humana."
2,ASTRONOMO,1,"Descubre los misterios del universo y  aprende sobre las estrellas, los planetas  y otros cuerpos celestes. Conviértete en  un pequeño astrónomo y explora el cielo  nocturno, entendiendo la maravilla y la  ciencia detrás de lo que ves."
3,ARQUEOLOGO,1,Explora el emocionante mundo de la  arqueología y descubre los secretos del  pasado. Aprende cómo los arqueólogos  encuentran y estudian los restos de  antiguas civilizaciones para entender  mejor la historia de la humanidad.
4,BOTANICO,1,Descubre el maravilloso mundo de las  plantas y aprende cómo crecen y se  desarrollan. Conviértete en un pequeño  botánico y descubre la importancia de  las plantas en nuestro planeta.
5,CARPINTERO,1,Explora el arte de trabajar la madera  y aprende a crear objetos útiles y  decorativos.  Desarrolla  habilidades  manuales y creatividad mientras te  conviertes en un pequeño carpintero.
6,COMPUTACION,1,"Domina  el  uso  y  mantenimiento  de  computadoras,  navegando  con  seguridad por internet y desarrollando  habilidades de programación para crear  proyectos digitales. Maneja eficazmente  tanto el hardware como el software y produce  contenido digital variado."
7,EXPLORADOR DIGITAL,1,"Sumérgete en el emocionante mundo  digital y aprende a navegar por Internet  de manera segura y efectiva. Conviértete  en un explorador digital y descubre cómo  utilizar la tecnología para aprender,  crear y comunicarte."
8,GAMER,1,"Explora el mundo de los videojuegos,  aprendiendo a disfrutar de ellos de  manera responsable y reflexiva. El gamer  descubre cómo los videojuegos pueden  ser una herramienta para el aprendizaje  y la socialización, manteniendo un  equilibrio saludable con otras actividades."
9,GEOLOGO,1,"Descubre los secretos de la Tierra y  aprende sobre las rocas, los minerales  y los fósiles. Conviértete en un pequeño  geólogo y explora cómo se forman y  cambian las características de nuestro  planeta."
10,METEOROLOGO,1,Descubre  cómo  los  meteorólogos  estudian el clima y el tiempo para  ayudarnos a entender mejor nuestro  entorno. Conviértete en un pequeño  meteorólogo y aprende a observar y  registrar los cambios en el clima.
11,PALEONTOLOGO,1,Hace millones de años nuestro  planeta era dominado por maravillosos  animales y plantas de los que ahora solo  quedan restos fósiles te animarías tener  un encuentro con estos.
12,ZOOLOGO,1,La  tierra  esta  llena  de millones de seres  vivos muchos de estos en grave peligro  y que esperan que tu los conozcas para  poder ayudarlos.
13,ACTOR,1,"El teatro, la mímica, la expresión corporal  son algunas de las formas que  usa  el  ser humano para comunicarse y mostrar  a los demás un mundo lleno de fantasías  y sentimientos."
14,ARTISTA DIGITAL,1,"El arte no conoce límites y la tecnología  nos permite explorar nuevas formas de  creatividad. En esta especialidad, usarás  herramientas digitales para dibujar,  pintar y animar tus propias creaciones.  El Artista Digital es un creador moderno que  sabe cómo expresar sus ideas y emociones a  través del arte digital."
15,CINEASTA,1,"Las películas nos trasportan a un mudo  mágico, ¿Por qué no conocer mejor este  mundo? El mundo del cine, el como se  hacen las películas que tanto nos gustan."
16,COLECCIONISTA,1,"El Coleccionista se adentra en el arte  de coleccionar y preservar objetos de  interés, aprendiendo a valorar la historia  y la singularidad de cada pieza. Este  especialista  desarrolla  habilidades  organizativas y de investigación mientras  crea y mantiene una colección personal."
17,COSTURERO,1,"El costurero, sabe crear y reparar  prendas y otros artículos de tela. El  costurero combina técnicas de costura  tradicionales con enfoques creativos para  diseñar proyectos únicos y funcionales."
18,CREADOR,1,"Adéntrate en el mundo digital y  aprende a crear contenido interesante  y educativo. Conviértete en un pequeño  creador de contenido y comparte tus  ideas y pasatiempos con otros a través  de videos, fotos y publicaciones en línea."
19,ESCRITOR,1,Despierta tu imaginación y aprende  a  contar  historias  maravillosas.  Conviértete en un pequeño escritor y  descubre el poder de las palabras para  crear mundos y personajes.
20,DIBUJANTE,1,Explora  tu  creatividad  y  aprende  a expresarte a través del dibujo.  Conviértete en un pequeño dibujante y  descubre cómo puedes crear imágenes  que cuenten historias y reflejen tus  emociones.
21,FOTOGRAFO,1,Descubre el arte de capturar momentos  especiales a través de la fotografía.  Conviértete en un pequeño fotógrafo  y aprende a usar tu cámara para  crear imágenes increíbles que cuenten  historias.
22,FILATELISTA,1,Descubre el fascinante mundo de  los sellos postales y aprende cómo  coleccionarlos y apreciarlos. Conviértete  en un pequeño filatelista y explora la  historia y la cultura a través de estos  pequeños pero significativos objetos.
23,FOLKLORE,1,Saber cuales son las distintas formas que  tienen las diferentes culturas tu país para  representarse es un saber que debería  tener la mayoría de las personas.
24,LECTOR,1,"Descubre la magia de los libros y la  alegría de la lectura. Conviértete en  un pequeño lector y explora mundos  fascinantes,  conoce  personajes  inolvidables y aprende cosas nuevas a  través de la lectura."
25,MARROQUINERO,1,Descubre el arte de trabajar con cuero  y aprende a crear objetos útiles y  decorativos. Conviértete en un pequeño  marroquinero y desarrolla tus habilidades  manuales mientras das vida a tus propias  creaciones de cuero.
26,MUSICO,1,Sumérgete en el maravilloso mundo  de la música y descubre cómo puedes  crear melodías y ritmos con diferentes  instrumentos. Conviértete en un pequeño  músico y disfruta de la alegría de tocar y  compartir música.
27,NUMIMASTICA,1,"La numismática es el estudio y la  colección de monedas y billetes. Como  numismático, puedes descubrir la historia  y la cultura de diferentes países a través  de su dinero, aprender sobre los distintos  materiales y diseños de las monedas y  billetes, y disfrutar de la emoción de coleccionar  y clasificar tus hallazgos."
28,ORIGAMI,1,Explora el arte del origami y aprende a  crear figuras impresionantes con solo  un trozo de papel. Conviértete en un  pequeño artista del origami y descubre  la magia de transformar el papel en  hermosas obras de arte.
29,PINTURA,1,"Descubre el mundo del color y la  creatividad a través de la pintura.  Conviértete en un pequeño pintor y  aprende a expresar tus ideas y emociones  en el lienzo, creando obras de arte  únicas."
30,ATLETA,1,"Ser un atleta es una aventura emocionante  que te permite descubrir tus capacidades  físicas, mejorar tu salud y disfrutar del  deporte. Al convertirte en atleta, puedes  aprender sobre diferentes disciplinas  deportivas, desarrollar habilidades de  trabajo en equipo y esforzarte por alcanzar tus  metas personales."
31,CICLISTA,1,"Andar en bicicleta es una forma divertida  y saludable de explorar el mundo que te  rodea. Como ciclista, puedes disfrutar  de la libertad de moverte en dos ruedas,  mejorar tu condición física y aprender a  cuidar de tu bicicleta."
32,DEFENSA PERSONAL,1,"Los diferentes tipos de artes marciales  que existen en el mundo nos pueden  ayudar a formar dentro de nosotros  diferentes cosas como la disciplina, la  constancia, el carácter y otras. Pero lo  más importante es de que estas no se deben de  usar para lastimar a alguien sino que solo para  defendernos en caso de que sea realmente  necesario."
33,DEPORTISTA,1,"¿Qué opinas del fútbol, del básquet  o del voleibol? Asíes los deportes en  equipo  son lo mejor del mundo  ya  que  puedes jugarlos junto con  tus amigos, familiares, compañeros de  curso y divertirte muchísimo con ello."
34,ECUESTRE,1,"El mundo ecuestre es fascinante y  lleno de aventuras. Al aprender sobre  equitación y el cuidado de los caballos,  puedes desarrollar una conexión especial  con estos nobles animales, mejorar tu  equilibrio y coordinación, y disfrutar de paseos  a caballo."
35,NATACION,1,"¿Alguna vez soñaste con ser un pez?  en tu vida cotidiana puedes hacer algo  parecido a tu sueño, el nadar además  de ayudar en el desarrollo de tu cuerpo  es algo fantástico."
36,AMIGO DE MI PAIS,1,"Conocer tu país, saber muchas cosas de   él es conocerte a ti mismo, a tu sociedad,  es algo que deberíamos  hacer  todos  para  empezar  a  mejorar nuestro futuro y  el de todos nuestros hermanos."
37,AMIGO DEL MUNDO,1,"No solo las personas que viven junto  a ti, tu familia, tu ciudad y tu país, son  importantes también las personas que  están lejos de ti y que no conoces tendrían  que  ser importantes para ti ya que  todos en el mundo somos hermanos  y  tenemos que velar por el bienestar de los  demás."
38,ANIMADOR DE LA FE,1,"Ser un animador de la fe significa  compartir la alegría y los valores de  tu fe con otros. Al aprender más sobre  tu religión y sus enseñanzas, puedes  fortalecer tu propia fe y ayudar a tus  amigos a hacer lo mismo."
39,AVENTURERO URBANO,1,"Explorar tu ciudad puede ser una aventura  emocionante. Como Aventurero Urbano,  aprenderás a orientarte, descubrirás la  historia y los secretos que tu entorno  urbano esconde, y participarás en juegos  que te harán ver tu ciudad con nuevos ojos. ¡Sé  un explorador en tu propio hogar!"
40,BOMBERO,1,"Ser un bombero es una tarea valiente y  noble que implica proteger a las personas  y sus propiedades del fuego y otras  emergencias. Al aprender sobre el trabajo  de los bomberos, puedes desarrollar  habilidades de seguridad, trabajo en equipo y  ayudar a tu comunidad."
41,BIOSEGURIDAD,1,Descubre la importancia de mantenernos  seguros y saludables en nuestro entorno  diario. Conviértete en un pequeño  experto en bioseguridad y aprende a  protegerte y a los demás de los gérmenes  y enfermedades.
42,DEFENSOR DE LA SALUD MENTAL,1,"El  Defensor  de  la  Salud  Mental  promueve la conciencia y el cuidado de  la salud mental entre los 1 y en su  comunidad. Aprenden sobre emociones,  estrategias de manejo del estrés y la  importancia de hablar sobre la salud mental."
43,DEFENSOR DEL PLANETA,1,"Nuestro planeta necesita héroes que  cuiden de él. Al convertirte en Defensor  del Planeta, aprenderás sobre reciclaje,  compostaje y cómo reutilizar materiales  para darles una nueva vida. Descubre  cómo puedes hacer una diferencia real en tu  comunidad y contribuir a un mundo más verde  y sostenible."
44,CIVISMO,1,"Respetar los símbolos patrios, quererlos  como lo hicieron todos  n u e s t r o s  grandes héroes nacionales es  m u y  importante y debemos imitarlos."
45,COCINERO,1,"Cocinar es una habilidad esencial y  divertida que te permite crear deliciosas  comidas para ti y tu familia. Al aprender  a cocinar, puedes explorar diferentes  ingredientes, desarrollar creatividad en  la cocina y entender la importancia de  una alimentación saludable."
46,EDUCADOR VIAL,1,"Ser un educador vial significa aprender y  enseñar a otros sobre la importancia de  la seguridad en las calles y carreteras.  Al conocer las normas de tráfico y las  señales viales, puedes ayudar a prevenir  accidentes y promover un comportamiento  responsable en los demás."
47,GUARDIAN DE LA SALUD,1,"Mantenerse saludable es fundamental  para disfrutar de la vida al máximo.  Como Guardián de la Salud, aprenderás  sobre nutrición adecuada, participarás en  divertidas actividades físicas y descubrirás  técnicas de relajación que te ayudarán a manejar  el estrés. ¡Prepárate para ser un ejemplo de vida  saludable en tu manada!"
48,GUIA,1,"Alguna vez te sentiste perdido, así e s  como se sienten muchas  personas  en  la  ciudad  ya  sean  de  esta misma,  del campo o extranjeros, pero  c o n  esta especialidad los podrás ayudar y  ayudarte a ti mismo."
49,GERENTE DE HOGAR,1,"Ayudar en casa es muy importante tanto  para ti como para tu familia, dentro tu  propia  casa puedes hacer mucho p o r  los demás especialmente  por  tus  seres  queridos."
50,PRIMEROS AUXILIOS,1,"Esta especialidad es muy importante ya  que tiene gran valor dentro la manada,  en el colegio y la casa. Con ella podrás  prevenir accidentes y ayudar bastante si  alguna vez ocurre uno."
51,PROMOTOR DE LA PAZ,1,"Promover la paz, ayudar a que el mundo  viva en una completa armonía es lo que  todos deseamos,  tú  puedes  poner  tu  granito de arena para hacer que este   gran  sueño  de  todos  sea una realidad."
52,RECICLADOR,1,"Ayudar a que tu mundo este limpio no es  suficiente, los diferentes tipo de basura le  hacen diferentes tipos de daños a nuestro  planeta lo que todos deberíamos hacer  es aprender a reciclar nuestra basura  para que de esta manera nos podamos  deshacer adecuadamente de ella y así existan  menos botaderos gigantes de basura."
53,ACUARISTA,1,La  cría  de  peces ornamentales  es algo fácil de hacer que hará que tu  hogar se vea cada vez mas bonito.
54,ACECHADOR,1,"El acecho es una habilidad que te  permite observar y aprender sobre la  naturaleza y tu entorno sin ser detectado.  Al desarrollar esta capacidad, puedes  descubrir los secretos de los animales y  plantas, mejorar tu atención y agudizar  tus sentidos."
55,AVICULTOR,1,"El cuidado de aves es una actividad que te  permite aprender sobre estas fascinantes  criaturas, desarrollar responsabilidad y  disfrutar de la compañía de tus amigos  emplumados. Al convertirte en avicultor,  puedes descubrir las diferentes especies  de aves, sus hábitos y cómo proporcionarles un  entorno saludable y feliz."
56,CABUYERIA,1,"Aprender cabuyería te permite dominar  el uso de cuerdas y nudos, habilidades  esenciales para la vida al aire libre y  muchas actividades diarias. Al conocer  y practicar diferentes nudos, puedes  construir estructuras, asegurar cargas  y resolver problemas prácticos de manera  creativa y efectiva."
57,CAMPISTA,1,"El campismo es una emocionante  aventura que te permite explorar la  naturaleza, desarrollar habilidades de  supervivencia y disfrutar del aire libre  con tus amigos. Al aprender sobre  campismo, puedes descubrir cómo vivir  en armonía con el entorno natural, prepararte  para diversas situaciones y divertirte mientras  creas recuerdos inolvidables."
58,ECOLOGISTA,1,Promover el cuidado de la naturaleza  con nuestro ejemplo para que podamos  hacer de este un mundo mejor es muy  necesario.
59,ENTOMOLOGO,1,Saber como viven los insectos   en ese  maravilloso mundo en el  que viven es tu  puedes descubrir.
60,EXCURSIONISTA,1,"El excursionismo es una actividad  divertida y saludable que te permite  explorar la naturaleza, descubrir nuevos  lugares y aprender sobre el entorno  natural. Al convertirte en excursionista,  puedes  desarrollar  habilidades  de  orientación, resistencia física y trabajo en  equipo."
61,FORESTAL,1,"Cuidar los bosques y aprender sobre  los árboles y plantas que los habitan  es una aventura fascinante. Como  forestal, puedes descubrir la importancia  de los bosques para nuestro planeta,  cómo cuidar de ellos y cómo ayudar a  conservarlos para el futuro."
62,HORTICULTOR,1,"La horticultura es el arte de cultivar  plantas y cuidar de un jardín. Como  horticultor, puedes aprender cómo las  plantas crecen, descubrir la alegría  de cultivar tus propias flores, frutas y  verduras, y entender la importancia de  la agricultura en nuestra vida diaria."
63,JARDINERO,1,"Cuidar un jardín es una actividad  divertida y educativa que te permite  estar en contacto con la naturaleza.  Como jardinero, puedes aprender sobre  diferentes plantas, cómo crecen y cómo  cuidarlas."
64,PIONERIAS,1,El poder realizar algunas construcciones   útiles    para  un  campamento  o  acantonamiento es algo que todo buen  lobato debería poder hacer.
65,TRANSMISIONISTA,1,"La transmisión de mensajes usando  códigos es una habilidad emocionante  que te permite comunicarte de manera  secreta y divertida. Como transmisionista,  puedes aprender diferentes claves de  comunicación y descubrir cómo transmitir  mensajes en situaciones diversas."
66,AEROMODELISTA,2,Descubre el fascinante mundo del vuelo y eleva tus  habilidades de construcción y diseño al construir modelos  de aviones que desafían la gravedad. Aprende sobre la  ciencia que permite a las aeronaves surcar los cielos y pon  a prueba tu ingenio llevando tus propias creaciones al aire.
67,ARQUITECTO,2,Sumérgete en el mundo del diseño y la construcción y  descubre cómo los arquitectos transforman ideas en  edificios reales que usamos todos los días. Aprende a ver  los espacios a tu alrededor de una manera totalmente  nueva y piensa en cómo podrías mejorarlos.
68,ASTRÓNOMO,2,"Embárcate en un viaje cósmico para explorar las estrellas,  los planetas y más allá. Descubre los misterios del universo,  aprende cómo los astrónomos utilizan la tecnología para  mirar las profundidades del espacio y sueña con las  posibilidades infinitas que el cosmos ofrece."
69,COMPUTACIÓN,2,"Adéntrate en el fascinante mundo de la tecnología y  descubre cómo las computadoras transforman nuestras  vidas. Aprende a programar, resolver problemas y crear tus  propios proyectos digitales mientras te preparas para un  futuro lleno de posibilidades tecnológicas."
70,CONSTRUCTOR,2,"Despierta tu creatividad y habilidades manuales mientras  aprendes a construir estructuras y objetos útiles con tus  propias manos. Desde pequeños proyectos hasta grandes  creaciones, descubre cómo el mundo de la construcción  combina ingenio, precisión y trabajo en equipo."
71,ELECTRICISTA,2,"Descubre el fascinante mundo de la electricidad y aprende  cómo los sistemas eléctricos dan vida a nuestros hogares  y dispositivos. Desde circuitos simples hasta proyectos  prácticos, desarrolla habilidades que combinan ingenio y  precisión, y asegúrate de hacerlo siempre con seguridad"
72,FOTÓGRAFO,2,"Captura momentos inolvidables y cuenta historias a  través de tus fotografías. Aprende a usar una cámara, a  componer imágenes impresionantes y a editar tus fotos  para que reflejen tu visión artística. Descubre el poder de la  fotografía para documentar, inspirar y comunicar."
73,GAMER,2,"Sumérgete en el emocionante mundo de los videojuegos,  donde la estrategia, la creatividad y el trabajo en equipo  se unen. Aprende a jugar de manera responsable, a  desarrollar tus habilidades de análisis y a crear tus propios  juegos. ¡Descubre cómo los videojuegos pueden ser una  herramienta para el aprendizaje y la diversión!"
74,QUÍMICO,2,"Descubre los secretos de la materia y sus transformaciones  mientras te adentras en el mundo de la química. Aprende  a realizar experimentos seguros y emocionantes, explora  cómo los elementos se combinan para formar nuevas  sustancias y entiende cómo la química impacta nuestra vida  diaria."
75,METEORÓLOGO,2,"Explora los misterios del clima y aprende cómo predecir  el tiempo. Desde observar las nubes hasta entender las  tormentas, descubre cómo los meteorólogos estudian la  atmósfera para ayudarnos a planificar nuestro día a día y  protegernos de fenómenos extremos."
76,MECÁNICO,2,"Adéntrate en el mundo de la mecánica y descubre  cómo funcionan los motores y las máquinas que nos  rodean. Aprende a realizar mantenimientos básicos,  a diagnosticar problemas y a mantener en óptimas  condiciones  vehículos  y  equipos,  desarrollando  habilidades prácticas y técnicas esenciales."
77,REDES SOCIALES,2,"Sumérgete en el mundo de las redes sociales y descubre  cómo puedes usar estas plataformas para conectarte,  compartir y aprender de manera segura y responsable.  Aprende a crear contenido atractivo, a gestionar tu  presencia en línea y a utilizar las redes sociales para  hacer una diferencia positiva en tu comunidad."
78,ROBOTICA,2,"Adéntrate en el mundo de la robótica y descubre cómo  combinar mecánica, electrónica y programación para crear  robots que pueden realizar tareas increíbles. Aprende a  diseñar, construir y programar tus propios robots, y explora  las aplicaciones prácticas y divertidas de la robótica en la  vida diaria."
79,PLOMERO,2,"Descubre cómo mantener y reparar los sistemas de  agua que usamos todos los días. Aprende a manejar  herramientas, solucionar problemas y realizar reparaciones  básicas que pueden hacer una gran diferencia en tu hogar  y comunidad."
80,ACTOR,2,"Sumérgete en el apasionante mundo del teatro y la  actuación. Aprende a expresar tus emociones, a interpretar  personajes y a trabajar en equipo para crear historias que  capturen la imaginación del público. Descubre el poder  del teatro para comunicar y emocionar."
81,CARPINTERO,2,"Despierta tu creatividad y habilidades manuales mientras  aprendes el arte de la carpintería. Descubre cómo  transformar madera en útiles y bellos objetos, desarrollando  habilidades que combinan precisión, ingenio y trabajo en  equipo."
82,CINEFILO,2,"Sumérgete en el mágico mundo del cine y descubre  cómo las películas cuentan historias que pueden inspirar,  emocionar y educar. Aprende a analizar y apreciar las  diferentes facetas de la producción cinematográfica y  desarrolla un ojo crítico para entender las películas más  allá de la pantalla."
83,COSPLAYER,2,"Sumérgete en el creativo mundo del cosplay y aprende a dar  vida a tus personajes favoritos a través de la confección de  disfraces detallados y la actuación. Desarrolla habilidades  en diseño, costura y maquillaje, y disfruta de la expresión  personal y la comunidad que el cosplay puede ofrecer."
84,CREADOR,2,"Explora tu creatividad y habilidades técnicas mientras  aprendes a crear contenido atractivo y responsable  para YouTube. Desde la planificación y grabación hasta  la edición y publicación, descubre cómo compartir tus  ideas y pasiones con el mundo."
85,DISEÑO GRAFICO,2,Explora el mundo del diseño gráfico y descubre cómo las  imágenes y los gráficos pueden comunicar ideas poderosas.  Aprende a utilizar herramientas digitales y técnicas de  diseño para crear proyectos visuales que impresionen y  transmitan mensajes claros y efectivos.
86,ESCRITOR,2,"Descubre el poder de las palabras y cómo pueden dar vida  a tus ideas y emociones. Aprende a crear historias, poemas  y artículos que capturen la imaginación y transmitan  mensajes profundos. Desarrolla tu estilo único y encuentra  tu voz en el mundo de la escritura."
87,DIBUJANTE,2,"Sumérgete en el mundo del arte y descubre cómo el dibujo  puede ser una poderosa herramienta para expresar tus  ideas y emociones. Aprende diversas técnicas y estilos, y  desarrolla tu propio estilo único mientras creas obras de  arte que capturen la imaginación y el corazón."
88,FILATELISTA,2,"Descubre el fascinante mundo de la filatelia y cómo los  sellos postales pueden ser ventanas a la historia, la cultura  y la geografía. Aprende a coleccionar, conservar y apreciar  estos pequeños tesoros, desarrollando habilidades de  investigación y un ojo para los detalles."
89,FOLKLORE,2,"Sumérgete en el rico mundo del folklore y descubre las  historias, danzas, músicas y tradiciones que forman parte  de nuestra herencia cultural. Aprende a valorar y preservar  estas expresiones únicas que conectan a las personas a  través del tiempo y el espacio."
90,GAME MASTER,2,"Sumérgete en el fascinante mundo de los juegos de rol y  descubre lo que se necesita para ser un excelente Game  Master. Aprende a crear historias envolventes, a dirigir  a los jugadores y a gestionar las dinámicas del juego,  desarrollando habilidades narrativas y estratégicas que  harán de cada sesión una aventura inolvidable."
91,LECTOR,2,"Descubre el poder de la lectura y cómo los libros pueden  abrir puertas a mundos nuevos, ideas inspiradoras y  conocimientos profundos. Aprende a disfrutar de la lectura  y a compartir tus descubrimientos literarios con otros."
92,MARROQUINERO,2,"Adéntrate en el mundo de la marroquinería y descubre  cómo transformar el cuero en objetos útiles y bellos.  Aprende a trabajar con este material versátil, desarrollando  habilidades que combinan creatividad, precisión y destreza  manual."
93,MÚSICO,2,"Descubre la magia de la música y cómo puede transformar  emociones y contar historias. Aprende a tocar un  instrumento, a leer partituras y a crear tus propias melodías,  mientras desarrollas una apreciación más profunda por el  arte de la música."
94,NUMISMÁTICA,2,"Sumérgete en el fascinante mundo de la numismática y  descubre la historia y la cultura a través de las monedas  y billetes. Aprende a coleccionar, conservar y valorar estos  objetos que cuentan historias de épocas y lugares lejanos."
95,ORIGAMI,2,"Descubre el arte del origami y aprende a transformar  simples hojas de papel en figuras asombrosas y detalladas.  Desarrolla habilidades de precisión, paciencia y creatividad  mientras creas tus propias obras maestras de papel."
96,PERIODISTA,2,"Sumérgete en el emocionante mundo del periodismo y  aprende a contar historias que informen, inspiren y conecten  a las personas. Desarrolla tus habilidades de investigación,  escritura y comunicación para convertirte en un narrador  confiable y efectivo."
97,PINTOR,2,Descubre el mundo del color y la creatividad a través de  la pintura. Aprende a usar diferentes técnicas y materiales  para crear obras de arte que expresen tus ideas y  emociones. Desarrolla tu estilo único y disfruta del proceso  de transformar lienzos en expresiones visuales.
98,SERIGRAFISTA,2,"Adéntrate en el fascinante mundo de la serigrafía y  aprende a crear impresiones únicas y personalizadas.  Descubre cómo utilizar esta técnica para estampar diseños  en diferentes superficies y materiales, desarrollando  habilidades creativas y técnicas."
99,ATLETA,2,"Descubre el poder de la actividad física y cómo puede  mejorar tu salud, fuerza y confianza. Aprende a entrenar  de manera efectiva, a superar tus límites y a disfrutar de los  beneficios de un estilo de vida activo y saludable."
100,CICLISTA,2,"Descubre la libertad y la diversión de montar en bicicleta.  Aprende a manejar tu bicicleta con confianza, a realizar  mantenimientos básicos y a circular de manera segura por  carreteras y senderos. Desarrolla tu resistencia y explora  nuevos lugares sobre dos ruedas."
101,DEPORTISTA,2,"Descubre el poder del deporte y cómo puede mejorar tu  salud, fuerza y confianza. Aprende a entrenar de manera  efectiva, a trabajar en equipo y a disfrutar de los beneficios  de un estilo de vida activo y saludable."
102,DEFENSA PERSONAL,2,Aprende a protegerte a ti mismo y a los demás con  confianza y responsabilidad. Descubre técnicas efectivas  de autodefensa y desarrolla habilidades de seguridad  personal que te ayudarán a manejar situaciones de riesgo  de manera segura y controlada.
103,ECUESTRE,2,Descubre la conexión especial entre el jinete y el caballo  mientras aprendes a montar y cuidar de estos majestuosos  animales.  Desarrolla  habilidades  de  equitación  y  responsabilidad mientras disfrutas de la experiencia de  trabajar y convivir con caballos.
104,NATACIÓN,2,"Sumérgete en el emocionante mundo de la natación y  descubre cómo esta actividad puede mejorar tu salud,  fuerza y confianza. Aprende diferentes estilos de natación,  técnicas de seguridad y rescate, y disfruta de la libertad y  diversión que ofrece el agua."
105,ANIMADOR DE LA FÉ,2,"Fortalece tu espiritualidad y aprende a compartir tu  fe con los demás. Descubre cómo puedes ser un líder  positivo en tu comunidad de fe, organizando actividades,  compartiendo mensajes inspiradores y viviendo los valores  que promueves."
106,AMIGO DE TU PAÍS,2,"Descubre la riqueza y diversidad de tu país. Aprende sobre  su historia, cultura, y geografía, y encuentra maneras de  contribuir positivamente a tu comunidad. Conviértete en un  embajador de los valores y tradiciones que hacen único a  tu país."
107,AMIGO DEL MUNDO,2,"Explora las maravillas del mundo y aprende sobre las  diversas culturas que lo habitan. Descubre cómo las  diferentes tradiciones, costumbres y formas de vida pueden  enriquecer nuestra comprensión del mundo y fomentar la  paz y la cooperación entre los pueblos."
108,BOMBERO,2,Adéntrate en el valiente mundo de los bomberos y aprende  cómo prevenir incendios y responder a emergencias de  manera segura y efectiva. Desarrolla habilidades que  pueden salvar vidas y proteger tu comunidad mientras  entiendes la importancia del trabajo en equipo y la valentía.
109,CIVISMO,2,"Descubre la importancia de ser un buen ciudadano y cómo  puedes contribuir positivamente a tu comunidad. Aprende  sobre tus derechos y deberes, y encuentra maneras de  involucrarte activamente para hacer de tu entorno un lugar  mejor para todos."
110,COCINERO,2,"Adéntrate en el mundo de la cocina y descubre cómo  preparar deliciosos y nutritivos platillos. Aprende técnicas  culinarias, experimenta con recetas y desarrolla habilidades  que te permitirán sorprender a tus amigos y familiares con  tus creaciones culinarias."
111,EDUCADOR VIAL,2,"Conviértete en un defensor de la seguridad vial y ayuda a  crear un entorno más seguro para todos. Aprende sobre  las normas de tránsito, la importancia del comportamiento  responsable en la vía pública y cómo puedes enseñar a  otros a ser usuarios de la vía más seguros."
112,FENG SHUI,2,"Explora el mundo del Feng Shui y aprende cómo el diseño  y la organización de los espacios pueden influir en tu  bienestar y energía. Descubre los principios fundamentales  del Feng Shui y desarrolla habilidades para aplicar estos  conocimientos en tu entorno diario, creando espacios  armoniosos y equilibrados."
113,GERENTE DE HOGAR,2,"Conviértete en un experto en la administración del hogar  y aprende a manejar las tareas diarias con eficiencia  y responsabilidad. Descubre cómo mantener un hogar  limpio y organizado, gestionar el tiempo y los recursos, y  desarrollar habilidades que te serán útiles toda la vida."
114,GUÍA,2,"Descubre el emocionante mundo del liderazgo y la aventura  al aire libre. Aprende a planificar y guiar excursiones,  a orientar en la naturaleza y a desarrollar habilidades  que te permitirán liderar a tu grupo con confianza y  responsabilidad."
115,LECHERO,2,"Adéntrate en el mundo de la producción láctea y aprende  cómo se obtiene y maneja la leche de manera segura y  efectiva. Descubre el proceso desde el ordeño hasta la  elaboración de productos lácteos, desarrollando habilidades  prácticas y conocimientos sobre esta importante actividad  agrícola."
116,PRIMEROS AUXILIOS,2,"Prepárate para actuar con rapidez y eficacia en situaciones  de emergencia. Aprende habilidades esenciales de  primeros auxilios que pueden salvar vidas, y desarrolla la  confianza y el conocimiento necesarios para ayudar a los  demás en momentos críticos."
117,PROMOTOR DE LA PAZ,2,"Conviértete en un defensor de la paz y la armonía en tu  comunidad. Aprende habilidades esenciales para resolver  conflictos, fomentar la cooperación y promover un entorno  de respeto y comprensión. Descubre cómo puedes hacer  una diferencia positiva y duradera en el mundo."
118,SALUD MENTAL Y BIENESTAR,2,"Aprende a cuidar tu salud mental y a promover el bienestar  emocional en tu comunidad. Desarrolla habilidades en  autoconocimiento, manejo del estrés y apoyo emocional."
119,SALVAVIDAS,2,"Descubre cómo convertirte en un salvavidas y aprender  habilidades que pueden salvar vidas en el agua. Desarrolla  tu habilidad para nadar, aprende técnicas de rescate  y adquiere el conocimiento necesario para mantener la  seguridad en piscinas, lagos y playas."
120,ACECHADOR,2,"Desarrolla tus habilidades de observación y aprende a  moverte sigilosamente en la naturaleza. Descubre cómo  acechar y observar a los animales sin ser detectado, y  entiende la importancia de respetar y conservar el entorno  natural."
121,ACUARISTA,2,"Sumérgete en el fascinante mundo de los acuarios y  aprende a crear y mantener un ecosistema acuático  saludable. Descubre cómo cuidar a los peces y otras  criaturas acuáticas, y cómo mantener el equilibrio en su  hábitat para asegurar su bienestar."
122,AVICULTOR,2,"Adéntrate en el mundo de la avicultura y aprende  cómo cuidar y criar aves de corral de manera efectiva  y responsable. Descubre las técnicas necesarias para  mantener a las aves saludables y productivas, y entiende la  importancia de la avicultura en la producción de alimentos."
123,BOTÁNICO,2,"Sumérgete en el fascinante mundo de las plantas y descubre  cómo cultivarlas y cuidarlas de manera efectiva. Aprende  sobre la diversidad vegetal, su importancia ecológica y  cómo puedes contribuir a la conservación de la flora."
124,CABUYERÍA,2,"Descubre la importancia y la utilidad de los nudos y  amarres en la vida cotidiana y en actividades al aire libre.  Aprende a realizar diferentes tipos de nudos y a aplicarlos  de manera segura y efectiva en diversas situaciones,  desarrollando habilidades prácticas y versátiles."
125,CAMPISMO,2,"Embárcate en la aventura del campismo y aprende a vivir  en armonía con la naturaleza. Desarrolla habilidades  esenciales para acampar de manera segura y confortable,  disfrutando de la libertad y las maravillas que ofrece el aire  libre."
126,CONSTRUCCIONES PIONERAS,2,Adéntrate en el arte del pionerismo y aprende a construir  estructuras útiles y creativas utilizando técnicas tradicionales.  Desarrolla habilidades de construcción y trabajo en equipo  mientras creas proyectos que mejoran tu campamento y  fortalecen tu conexión con la naturaleza.
127,CONSERVACIONISTA,2,"Conviértete en un defensor del medio ambiente y aprende  cómo puedes ayudar a proteger y conservar la naturaleza.  Descubre la importancia de la biodiversidad, la gestión  sostenible de recursos y las acciones que puedes tomar  para hacer una diferencia positiva en el planeta."
128,ENTOMÓLOGO,2,"Adéntrate en el fascinante mundo de los insectos y  descubre su increíble diversidad y su papel crucial en el  ecosistema. Aprende a observar, identificar y estudiar  diferentes especies de insectos, y entiende su importancia  en la naturaleza y para la humanidad."
129,EXCURSIONISTA,2,"Explora la belleza y la aventura del senderismo y descubre  cómo planificar y disfrutar de excursiones seguras y  emocionantes. Aprende habilidades esenciales para  navegar por senderos, respetar el entorno natural y  desarrollar tu resistencia física y mental."
130,FORESTAL,2,"Sumérgete en el mundo de los bosques y descubre cómo  puedes contribuir a su conservación y gestión sostenible.  Aprende sobre la importancia de los bosques para el  medio ambiente y la humanidad, y desarrolla habilidades  para proteger y mantener estos valiosos ecosistemas."
131,GESTOR DE VIDA SILVESTRE,2,Adéntrate en el mundo de la gestión de la vida silvestre  y aprende cómo proteger y conservar a los animales y  sus hábitats naturales. Descubre la importancia de la  biodiversidad y desarrolla habilidades que te permitirán  contribuir de manera significativa a la conservación de la  fauna.
132,HORTICULTOR,2,"Descubre la satisfacción de cultivar tus propias plantas y  aprende las habilidades necesarias para ser un horticultor  exitoso. Desde la siembra hasta la cosecha, comprende el  proceso completo de la horticultura y su importancia para  la alimentación y el medio ambiente."
133,JARDINERO,2,"Sumérgete en el mundo de la jardinería y descubre cómo  crear y mantener espacios verdes llenos de vida. Aprende  técnicas esenciales para cuidar plantas y flores, y disfruta  de la satisfacción de ver crecer y florecer tu propio jardín."
134,RECICLADOR,2,Conviértete en un defensor del medio ambiente y aprende  cómo reciclar de manera efectiva para reducir tu huella  ecológica. Descubre la importancia del reciclaje en la  conservación de recursos y cómo puedes contribuir a un  futuro más sostenible a través de prácticas responsables  de gestión de residuos.
135,OBSERVADOR,2,"Desarrolla tus habilidades de observación y aprende a  captar los detalles de la naturaleza que te rodea. Conviértete  en un observador atento y preciso, capaz de documentar y  compartir tus descubrimientos sobre la flora y fauna de tu  entorno."
136,ORNITÓLOGO,2,Adéntrate en el fascinante mundo de las aves y aprende  a identificarlas y estudiarlas en su hábitat natural.  Desarrolla tus habilidades de observación y contribuye a  la conservación de las aves y sus ecosistemas.
137,PESCADOR,2,Descubre la tranquilidad y la emoción de la pesca mientras  aprendes técnicas para capturar diferentes especies de  peces. Desarrolla tus habilidades y conocimientos sobre la  conservación de los recursos acuáticos y disfruta de esta  actividad al aire libre de manera responsable y segura.
138,ORIENTACIÓN,2,"Descubre la emoción de la navegación y aprende a  orientarte en la naturaleza con confianza. Desarrolla  habilidades esenciales para usar mapas, brújulas y técnicas  de orientación natural, y prepárate para explorar nuevos  territorios de manera segura y efectiva."
139,TRASMISIONISTA,2,"Adéntrate en el emocionante mundo de las comunicaciones  y aprende a usar equipos de transmisión para mantenerte  en contacto en diversas situaciones. Desarrolla habilidades  en el manejo de radios y otros dispositivos, y comprende la  importancia de la comunicación efectiva y segura."
140,ACTOR,3,
141,AEROMODELISMO,3,
142,AGRICULTOR,3,
143,AJEDREZ,3,
144,ALFABETIZADOR,3,
145,AMIGO DEL MUNDO,3,
146,AMIGO DE MI PAIS,3,
147,ANIMADOR DE LA FE,3,
148,APICULTOR,3,
149,ASTRONOMO,3,
150,ATLETISMO,3,
151,BAILE Y DANZA,3,
152,BOTÁNICO,3,
153,CABUYERIA,3,
154,CAMPISMO,3,
155,CICLISMO,3,
156,CIVISMO,3,
157,COCINA,3,
158,COCINA DE CAMPAMENTO,3,
159,CONSERVACIONISTA,3,
160,DISEÑADOR GRÁFICO,3,
161,EMPRENDEDOR DE NEGOCIOS,3,
162,ENTOMOLOGO,3,
163,ESCALADA DEPORTIVA EN ROCA,3,
164,ESCRITOR,3,
165,EXCURSIONISMO,3,
166,FILATELIA,3,
167,FOTÓGRAFO,3,
168,FORESTAL,3,
169,GEOLOGO,3,
170,GUIA TURISTICO,3,
171,HARDWARE DE LA COMPUTADORA,3,
172,HISTORIA,3,
173,HORTICULTOR,3,
174,INTERNET,3,
175,LECTOR,3,
176,MECANICO,3,
177,METEORÓLOGO,3,
178,MONTAÑISMO,3,
179,NATACION,3,
180,ORATORIA,3,
181,ORIENTACION,3,
182,ORNITOLOGO,3,
183,PERIODISTA,3,
184,PINTURA,3,
185,PIONERIAS,3,
186,PROGRAMADOR,3,
187,PROMOTOR DE LA PAZ,3,
188,PROMOTOR DE SALUD,3,
189,QUÍMICO,3,
190,REPOSTERIA,3,
191,SALUD ORAL,3,
192,SEGURIDAD VIAL,3,
193,SERIGRAFISTA,3,
194,SOFTWARE DE COMPUTADORA,3,
195,SOPORTE BÁSICO DE VIDA,3,
196,RECICLADOR,3,
197,TECNOLOGIA DE ALIMENTOS,3,
198,TRADICIONES INDIGENAS,3,
199,TRANSMISIONISTA,3,
200,ZOOLOGIA,3,
201,ACTOR,4,
202,AEROMODELISMO,4,
203,AGRICULTOR,4,
204,AJEDREZ,4,
205,ALFABETIZADOR,4,
206,AMIGO DEL MUNDO,4,
207,AMIGO DE MI PAIS,4,
208,ANIMADOR DE LA FE,4,
209,APICULTOR,4,
210,ASTRONOMO,4,
211,ATLETISMO,4,
212,BAILE Y DANZA,4,
213,BOTÁNICO,4,
214,CABUYERIA,4,
215,CAMPISMO,4,
216,CICLISMO,4,
217,CIVISMO,4,
218,COCINA,4,
219,COCINA DE CAMPAMENTO,4,
220,CONSERVACIONISTA,4,
221,DISEÑADOR GRÁFICO,4,
222,EMPRENDEDOR DE NEGOCIOS,4,
223,ENTOMOLOGO,4,
224,ESCALADA DEPORTIVA EN ROCA,4,
225,ESCRITOR,4,
226,EXCURSIONISMO,4,
227,FILATELIA,4,
228,FOTÓGRAFO,4,
229,FORESTAL,4,
230,GEOLOGO,4,
231,GUIA TURISTICO,4,
232,HARDWARE DE LA COMPUTADORA,4,
233,HISTORIA,4,
234,HORTICULTOR,4,
235,INTERNET,4,
236,LECTOR,4,
237,MECANICO,4,
238,METEORÓLOGO,4,
239,MONTAÑISMO,4,
240,NATACION,4,
241,ORATORIA,4,
242,ORIENTACION,4,
243,ORNITOLOGO,4,
244,PERIODISTA,4,
245,PINTURA,4,
246,PIONERIAS,4,
247,PROGRAMADOR,4,
248,PROMOTOR DE LA PAZ,4,
249,PROMOTOR DE SALUD,4,
250,QUÍMICO,4,
251,REPOSTERIA,4,
252,SALUD ORAL,4,
253,SEGURIDAD VIAL,4,
254,SERIGRAFISTA,4,
255,SOFTWARE DE COMPUTADORA,4,
256,SOPORTE BÁSICO DE VIDA,4,
257,RECICLADOR,4,
258,TECNOLOGIA DE ALIMENTOS,4,
259,TRADICIONES INDIGENAS,4,
260,TRANSMISIONISTA,4,
261,ZOOLOGIA,4,