Id,Nombre,DistritoId
1,LA SALLE,1
2,ALEMÁN,2
3,APACHE,2
4,DON BOSCO,2
5,HEIMDALL,2
6,JUNÍN,2
7,SAGRADO CORAZÓN,2
8,ANGLO AMERICANO,3
9,BROWNSEA,3
10,CEIBO,3
11,ESPAÑA,3
12,FORTALEZA,3
13,IMPEESA,3
14,INCAS,3
15,INTIDRAC,3
16,KAIROS,3
17,LA SALLE,3
18,MAFEKING,3
19,MURRAY DICKSON,3
20,PANDA,3
21,PRIMAVERA,3
22,SAINT ANDREW'S,3
23,SEMILLA,3
24,TUNARI,3
25,AMERINST 301,4
26,BOLIVIANO ISRAELITA,4
27,HANS PHILIPPSBERG SAINT ANDREW'S SCHOOL,4
28,IMPEESA,4
29,LOS PINOS,4
30,LOS ROBLES,4
31,LOYOLA SAN CALIXTO,4
32,LOYOLA SAN IGNACIO,4
33,NAVAL ALMTE MIGUEL GRAU S.,4
34,NAVAL CRUX UENHP.,4
35,CAMACHO,5
36,CAP. USTARIZ,5
37,DRAGONES,5
38,LA SALLE,5
39,MEJILLONES,5
40,SAN FRANCISCO,5
41,VIKING´S,5
42,MAFEKING,6
43,Ri 3 PEREZ,6
44,TORRE FUERTE,6
45,AMBORÓ,7
46,ARGENTINO BOLIVIANO,7
47,DON BOSCO,7
48,GASTÓN GUILLAUX,7
49,JUAN PABLO II,7
50,LA 7,7
51,MARISTA,7
52,SAN ANDRÉS,7
53,SANTA ANA,7
54,SANTO TOMÁS,7
55,LA SALLE,8
56,SAN MARTIN DE PORRES,8